uuid,firstName,lastName,phone,emails
eb2d5dbd-2293-442d-b95f-d3dc5bd7ce3c,Sianna,Roscoe,832-149-3977,sroscoe0@blogs.com,sroscoe0@qq.com
d458cd62-fff5-48e1-82a0-6a92141ef4e3,Delila,Obington,132-208-3135,dobington1@constantcontact.com,dobington1@rakuten.co.jp,dobington1@biblegateway.com
3f70a44d-e37e-478c-9b54-156253ee501f,Junette,Barrington,595-417-9840,jbarrington2@independent.co.uk,jbarrington2@nhs.uk,jbarrington2@ucla.edu
f039e752-f1e1-4452-9fca-0fb8fd823c21,Claudian,Skentelbury,242-569-6545,cskentelbury3@cbsnews.com,cskentelbury3@upenn.edu,cskentelbury3@yale.edu
747bb4ed-a547-479a-adbf-5143e4a10360,Wit,Baglin,227-138-4654,wbaglin4@purevolume.com,wbaglin4@sogou.com
a8f2d5e1-f563-4841-b71f-8453d9769ce0,Chuck,Adamovich,590-812-3382,cadamovich5@flickr.com,cadamovich5@indiegogo.com